date,kwh,base_load,cooling_load,temp
2011-11-23,92.98200010000001,132.21010027342106,0.0,9.556712317057144
2011-11-24,216.2579999,233.65248800810653,16.826347459710952,11.41975298758013
2011-11-25,306.1919999,296.5668871963789,39.04987080028124,11.284750021773277
2011-11-26,421.2899997,375.38305259569745,73.36421976854258,11.169753448121826
2011-11-27,443.4980006,375.38305259569745,88.30705260313104,11.666666666666666
2011-11-28,504.7959998,495.2090140685541,68.95756807322152,8.387260287065846
2011-11-29,586.6990005,573.139771465541,80.04381844690865,12.08210371026106
2011-11-30,670.361,680.1641146816764,79.56741048275167,10.153715259264391
2011-12-01,853.0450005,826.9347187356334,124.17791238805768,10.187127214965278
2011-12-02,1015.1750005,914.6620549232782,189.00433046172003,6.4382478081305665
2011-12-03,1191.0700002,1068.6975805497368,231.654721132122,10.639520260860463
2011-12-04,1336.8710001,1068.6975805497368,316.6442276086178,8.333333333333334
2011-12-05,1340.3220005,1243.752780721097,230.74450095040874,5.280441104162772
2011-12-06,1544.5390001,1313.0076868915908,317.2685785289975,5.593959109747239
2011-12-07,1657.6290002,1546.238461088386,285.33686085846074,7.996356838009337
2011-12-08,1929.5579999,1757.8839646909846,340.56703076785004,9.81730113948838
2011-12-09,2170.9199996,1929.237397543378,405.28431145090855,6.126930758744957
2011-12-10,2543.2229996,2107.976561146944,582.4001193881096,3.7561336507605163
2011-12-11,2754.5860016,2107.976561146944,739.375570234978,7.25085682697623
2011-12-12,2588.0009997,2291.195263075738,510.06674544444803,7.343788257881021
2011-12-13,2684.0670004,2412.1556505581207,458.2032582071921,8.606802891939786
2011-12-14,2939.1360001,2525.160613425673,601.3945961965069,5.832248714189456
2011-12-15,3098.1140014000002,2743.2764452504744,591.6963967566926,6.6808992146858275
2011-12-16,3516.7639971,2889.8622051833586,831.2193357743843,3.8452506622777767
2011-12-17,3784.389999,3074.525133228721,911.0650941185589,3.683558729799792
2011-12-18,4121.8379997,3074.525133228721,1193.6484732818676,2.749174495717049
2011-12-19,4282.2840011,3421.106555745534,1077.0377630994308,4.115652397853689
2011-12-20,4179.8749979,3561.795894618084,891.5257041047113,7.376846093464961
2011-12-21,4242.4039994,3723.554266628843,851.8636632825968,10.065132184002563
2011-12-22,4355.1429983,3948.0630628301337,867.791276940236,10.780695445078166
2011-12-23,4633.1530016,4071.5752057183176,1029.7333569260077,9.758678227403147
2011-12-24,4943.9979994,4071.5752057183176,1375.5432590208156,6.500337723741979
2011-12-25,4883.9199986,4049.9482248682525,1513.635315333913,10.958333333333336
2011-12-26,4181.135001,4071.5752057183176,858.0118380235187,11.666666666666666
2011-12-27,4347.1869998,4071.5752057183176,881.825251000093,9.891666666666667
2011-12-28,4570.3649985,4153.711118872331,943.5186758936712,9.198275541241273
2011-12-29,4884.1329992,4283.9646474608735,1065.210752610845,7.71259365559666
2011-12-30,5099.6500014,4405.745579495949,1142.1432919218687,7.383568366928494
2011-12-31,5112.073999,4405.745579495949,1141.5205095323731,12.375
2012-01-01,5122.9659991,4405.745579495949,1152.7898614201367,11.470833333333333
2012-01-02,5230.7839998,4405.745579495949,1161.119263252156,6.791737847491847
2012-01-03,5329.2329995,4492.047498408001,1165.309367666486,9.284293216784308
2012-01-04,5352.4160008,4520.658256401984,1170.399174304204,7.587790683649346
2012-01-05,5415.0119992,4550.275188189323,1168.675751053503,9.663991144132988
2012-01-06,5381.3660016,4584.331876848502,1113.75368593514,7.253883534650045
2012-01-07,5413.0390028,4598.252096860781,1131.9857942687163,9.70721475248996
2012-01-08,5652.5169985,4598.252096860781,1318.5548017797316,9.20834381235015
2012-01-09,5289.8359991,4615.946241497092,961.6530814236753,10.673010911628042
2012-01-10,5142.2939969,4656.859755122393,881.0249387511662,10.378194671771288
2012-01-11,5135.5470009,4656.859755122393,843.0876979851889,9.750111590537124
2012-01-12,5243.4739996,4736.2798289279135,863.892331327615,9.087353344333067
2012-01-13,5473.5679981,4749.5371281496755,1063.4700416659682,4.29032874617737
2012-01-14,6018.2360004,4788.981429444193,1492.7989608619032,1.9825418689606868
2012-01-15,6157.9359974,4788.981429444193,1620.065479538874,3.160936160652739
2012-01-16,5841.2850004,4899.192961930005,1280.783774688176,3.0191931629563156
2012-01-17,5943.1109996,4911.013723344863,1326.421788605802,3.24279126589817
2012-01-18,5808.5690008,4980.016111025422,1188.5627861100938,9.632359037869708
2012-01-19,5699.7309984,5056.277341363033,1001.5207837135425,9.721711224499309
2012-01-20,6146.044999,5221.052311477615,1291.1093727884436,8.209141843871059
2012-01-21,6283.2650001,5348.805068410103,1310.189889607761,10.463007617479862
2012-01-22,6756.4059982,5352.465031040894,1667.6666014585778,8.708407060549826
2012-01-23,6421.2569977,5532.967298602922,1272.2385887019484,7.049576585216974
2012-01-24,6642.3879999,5585.011547607099,1413.0416837934606,6.420095640551406
2012-01-25,6622.1560025,5701.134001072237,1312.9788424116164,9.540594037821986
2012-01-26,6595.8559986,5734.238898161709,1223.400695377299,7.72332026265297
2012-01-27,6820.823,5980.471053408863,1314.122041671553,5.940985517925363
2012-01-28,7408.8520007,6060.321368474384,1738.143742702152,4.703898349003893
2012-01-29,7813.6779971,6060.321368474384,2050.8193543547904,2.6666666666666665
2012-01-30,7633.5989992,6184.38484871542,1789.208170736033,2.5566915961542547
2012-01-31,8077.9250007,6331.597635373085,2073.3799546023542,1.1346887011070599
2012-02-01,8166.9459977,6469.788474733528,2066.399410478088,1.054758348580436
2012-02-02,8741.0179973,6666.775897452773,2428.324125214729,-0.5311707291890276
2012-02-03,9112.7809976,6857.813818932567,2663.391074443037,-0.38751468458615823
2012-02-04,9611.5739954,6918.3902663328145,3022.106973093436,-1.031167120516238
2012-02-05,10091.541001,6918.3902663328145,3428.1259898141675,1.2625532389101106
2012-02-06,9206.9719999,7124.875643316374,2473.0880056629285,1.703060691684583
2012-02-07,9264.9320039,7264.965164836115,2401.5542115484495,0.06771752250523504
2012-02-08,10249.1530001,7339.7371286437565,3213.4952448966437,0.004828502197991565
2012-02-09,9814.6289992,7403.865456394776,2791.247708773991,0.46226512584168206
2012-02-10,10174.6829969,7562.138222202173,2995.927278923763,-0.21462866428473246
2012-02-11,10420.5480045,7618.944281835869,3215.3559206687805,-2.324180687434061
2012-02-12,11099.5820013,7618.944281835869,3829.2451248815155,0.7246648936170212
2012-02-13,10127.1170006,7697.554126994204,2872.0816637922358,4.300342728274302
2012-02-14,9875.8984975,7750.20787005882,2567.262359746513,6.298840944891992
2012-02-15,9481.4389978,7915.1870902082255,2157.026296885985,8.556284848052165
2012-02-16,9220.6439987,8031.939154784741,1812.5939812873298,8.219923820763807
2012-02-17,9157.9350012,8065.3792792132745,1786.4039596039813,9.572215663437708
2012-02-18,9563.0820019,8090.506334917622,2089.52146498031,8.248491418247516
2012-02-19,10146.9279996,8090.506334917622,2536.0519662104375,4.125
2012-02-20,10030.296003,8259.936598378961,2343.544790410419,4.598427097128432
2012-02-21,9663.4790022,8408.991720629107,1953.999373992403,8.850941438072592
2012-02-22,10053.9400014,8649.47498022798,2051.138503952854,8.770654133560294
2012-02-23,9193.3720017,8766.908788313784,1406.4379388557852,13.390201140732634
2012-02-24,9245.7730014,8887.191466591108,1381.6338794681214,11.639694730949378
2012-02-25,9513.7349976,8895.526194850436,1522.1902964944372,9.252004318235661
2012-02-26,10006.6369984,8887.517806111615,1867.2283259138528,8.333209837338133
2012-02-27,9998.1509956,9135.338653014232,1721.7018856851514,9.237098303165062
2012-02-28,9572.9150005,9260.787036235099,1320.0891958660377,11.509891408771448
2012-02-29,9712.8809954,9438.154350717634,1317.0040945261073,11.265387986746823
2012-03-01,9565.3919995,9507.689971916227,1149.6885693367074,11.179554470271713
2012-03-02,10229.0080003,9620.284291044878,1595.8960409952501,6.795031512523383
2012-03-03,10560.8639995,9638.38100157341,1866.1931308457886,9.811382742332492
2012-03-04,11649.7859996,9638.38100157341,2624.7687005664748,6.8085733612101835
2012-03-05,11103.5589979,9712.138861183503,2138.42050131914,6.343841739161152
2012-03-06,11575.3749985,9901.271546746604,2449.357947066543,5.252550993041938
2012-03-07,11456.4359948,9995.287569086624,2250.944713367588,7.716012485054184
2012-03-08,10943.0689951,10081.318236183,1782.7241085318133,7.894501730424324
2012-03-09,11163.9850026,10163.867428929647,1915.675655194667,9.677746812896558
2012-03-10,11033.4200037,10270.49595322069,1798.0416737051526,11.677542960511252
2012-03-11,11127.1280024,10270.49595322069,1782.4945397050328,10.887500000000003
2012-03-12,10348.9360014,10415.50729930505,1115.7249055853915,8.184022165847766
2012-03-13,10594.9220021,10587.899771610933,1208.0306874455114,7.39819761089485
2012-03-14,10795.7829983,10727.386630410065,1281.7685308281273,7.0140835711216685
2012-03-15,11007.7679979,11018.924747479648,1323.9258718595365,8.524586971009695
2012-03-16,11926.757,11316.480812411848,1749.3281668267914,9.465979346298315
2012-03-17,12311.771,11386.039472348266,2131.6514137316462,9.223138516148829
2012-03-18,12615.8599999,11360.929598460534,2415.49829146947,7.0419698615723085
2012-03-19,11850.2319972,11708.58147403631,1504.1732018833652,8.1223989041146
2012-03-20,11719.4130045,11970.093898582585,1324.7021481014365,10.049010506473964
2012-03-21,11668.2999998,12191.432609147783,1113.8587435630602,10.561952057830055
2012-03-22,11676.1839959,12470.338393558699,1087.3976779416043,9.545366990325203
2012-03-23,11983.8009949,12883.94869924732,1126.8842823143066,11.331114929330015
2012-03-24,12151.0450005,12940.518764893282,1246.6832685050151,10.13992110140817
2012-03-25,12661.9590024,12928.9122363248,1565.0173167815603,6.958331840867301
2012-03-26,12005.2680022,13060.034542528832,1089.9375533435386,9.706295782139067
2012-03-27,11641.40949855,13212.393104822653,836.5222833078649,10.652794839792046
2012-03-28,11703.3680033,13319.26364625942,856.0025891735582,13.017379601793584
2012-03-29,11494.3300002,13367.646110181953,771.0867727142291,13.505677037606318
2012-03-30,11493.581001,13364.51966077923,804.5769149187724,12.249908145110997
2012-03-31,12891.0799995,13411.403051995881,1626.4433895604611,8.959079580096795
2012-04-01,13243.5639998,13428.624535238723,1865.4097155141335,7.916919344186981
2012-04-02,12594.2619958,13719.67035410503,1192.94560528001,10.395428815693233
2012-04-03,13121.8440007,13941.706895528481,1301.0548796205073,10.058070798316553
2012-04-04,13507.969002,14101.340192915348,1430.1404052309078,7.923350795494792
2012-04-05,14296.5419982,14295.152116094265,1966.5859566003057,7.079886078300296
2012-04-06,14139.4080056,14298.234299952965,2103.8943931521458,7.042105191249606
2012-04-07,13837.648999000001,14293.482153363415,1960.907726493539,8.708324071133694
2012-04-08,14231.5929992,14257.824185770532,2379.2006167558966,9.916666666666666
2012-04-09,14253.3550006,14289.68355737851,2082.4645623400506,10.041409687882775
2012-04-10,13572.22449935,14558.947385631684,1435.623933927552,9.634710012881254
2012-04-11,14128.4299969,14955.878839004718,1481.126786762458,8.900802242537612
2012-04-12,14598.9690001,15276.833954653317,1513.8448111187035,8.35669708798482
2012-04-13,14833.4560033,15617.770798518326,1559.4881317624388,7.744525633018538
2012-04-14,15366.0830012,15791.0567613005,1930.0636556273041,8.144434070016864
2012-04-15,16655.891002,15809.442045955846,2646.533731812295,6.258261103738904
2012-04-16,16408.0290017,16260.964614046648,2122.7728781838828,6.475344234930286
2012-04-17,16980.8149993,16690.80249536015,2256.614390860259,8.533291363427614
2012-04-18,17815.8720031,17243.91871373742,2422.6756654009814,8.526926951264915
2012-04-19,18144.5890023,17667.141240522353,2458.718859525934,8.142130499177519
2012-04-20,17938.0289996,18014.697803117317,2159.3694377270695,8.680895713597343
2012-04-21,18059.5414984,18244.23119082206,2221.3735965974506,8.917506790030043
2012-04-22,18792.9479961,18204.998280559877,2595.9636367676794,9.333373652824985
2012-04-23,18549.1089987,18644.26993040845,2200.4033302880575,8.262101889504882
2012-04-24,18699.571999,19102.085387858955,2018.1889754647968,9.075411408083681
2012-04-25,20042.6080004,19512.904538944258,2606.7123369279416,9.299030382483448
2012-04-26,19367.3370008,20000.11407723525,2025.912565807222,11.355100437042601
2012-04-27,19518.9999992,20630.7281215555,1828.0803589937202,11.698673590219771
2012-04-28,21830.1060049,20768.52337731185,3187.142199668105,8.65016962591493
2012-04-29,23484.0129989,20815.620584847547,4360.575601202312,10.041695308368222
2012-04-30,19705.7560001,21475.70460196692,1525.6099206396275,13.203341146690352
2012-05-01,20045.8780022,22113.67818877788,1458.694871271293,13.709707987332854
2012-05-02,20814.9560008,22762.95792086057,1594.1001428195887,11.000591576803565
2012-05-03,23001.4179934,23394.509548103368,2528.8006395104894,8.7454206720513
2012-05-04,23395.1579971,23769.641159893654,2634.2836880906434,8.29801862295244
2012-05-05,24140.4170034,23920.13898112427,3295.0748005404625,7.70867103032081
2012-05-06,25057.9479978,23946.028847521393,3972.7620219208807,7.083372653741696
2012-05-07,24763.6959998,23942.424167284615,3414.1913196428054,10.3333393513211
2012-05-08,22696.1369987,24863.131606578463,1808.178314031906,13.72877019358532
2012-05-09,23949.2100026,25405.64742618778,2174.989278332828,13.702524866088117
2012-05-10,23792.4580004,25952.310688988957,1966.3351215127934,16.17209381134804
2012-05-11,23299.6560008,26871.065538949377,1601.251956386101,13.333471887007168
2012-05-12,24575.0689997,27028.53793300349,2309.2457285527025,10.47029334941171
2012-05-13,25468.4620007,27034.18884517119,2664.8813438810985,12.082462634182164
2012-05-14,25475.8179997,27782.204816236514,2186.451193235094,10.315633558781155
2012-05-15,26991.525996,28403.888851681386,2683.040354682581,8.259733980035751
2012-05-16,23509.9999982,25959.019862769423,1834.9805071316882,10.175602964494068
2012-05-17,26848.6310002,29639.05355523886,2178.2502741337926,11.40545068667229
2012-05-18,27521.3269992,30402.65901030119,2302.016099182819,13.080019273366105
2012-05-19,27977.5299994,30657.543147942197,2534.52544869063,13.546696645288192
2012-05-20,30364.6210011,30663.357642099152,3833.2513291766986,10.541685225157318
2012-05-21,28204.6660029,31579.188517462997,2107.582376428195,12.328703123465715
2012-05-22,27018.5220004,32469.569599032697,1590.1977535352196,17.33918698403719
2012-05-23,26943.8480001,33145.924652408634,1364.8431086629225,18.639488826596985
2012-05-24,27120.615001,33699.651700970906,1334.2938884924326,19.61810310763285
2012-05-25,27604.2319987,34347.68961195177,1480.6033003748732,19.09641557162877
2012-05-26,28224.2639969,34459.463410611155,1870.4200706225704,19.25749087496731
2012-05-27,29289.0989985,34476.780076628784,2359.8848265920788,19.417093668890512
2012-05-28,28502.2160025,34860.15157019017,1646.6953885482524,20.535281706656356
2012-05-29,28584.7099995,35409.732503418,1529.8494407482783,18.002290253847057
2012-05-30,28824.1759968,35849.94584460451,1494.9274921032888,18.904917392075795
2012-05-31,29611.5159988,36385.62786125548,1604.0037380877795,17.103509224344222
2012-06-01,30293.1760003,36989.9307086098,1670.4682088996974,16.463914309987008
2012-06-02,31612.9349958,37190.24756145724,2443.6590472590074,13.63039233297763
2012-06-03,34776.6900019,37199.44466317393,4394.870153529868,11.333490178816499
2012-06-04,33091.4220007,37239.051456644585,3155.6975542292616,10.999989010022858
2012-06-05,34472.7880035,37215.9162704978,3634.2685294327166,11.950460765228875
2012-06-06,31954.3610028,37732.82855253065,2148.3051112228286,15.385030515273042
2012-06-07,33600.1379936,38364.033487100874,2718.9653630110097,15.019410280477137
2012-06-08,34207.4409976,38740.74172594299,2909.6612778198637,14.0081399430751
2012-06-09,33435.6690026,38988.848332447196,2760.178745393424,14.52293518037386
2012-06-10,35575.0670022,38991.37477582383,3471.543235387543,14.125090325742034
2012-06-11,37279.327005,39325.72397922905,3970.261618914327,12.624950520534263
2012-06-12,36525.6859999,39730.75151216867,3288.92533376185,11.734838885870317
2012-06-13,27831.8454976,32918.16433928837,1633.2023449900998,13.299677981066994
2012-06-14,31600.8659958,36927.77240134997,2026.962992650251,13.505715361109399
2012-06-15,28238.8499967,33374.05667374297,1690.9216409440673,15.543540607517166
2012-06-16,28835.1349988,32998.03665521943,2294.8024971878654,15.171744375770531
2012-06-17,36948.906005,40666.01277974306,3620.042418612782,16.12500807339458
2012-06-18,34246.6349995,40905.530242468325,1967.726890107254,15.051116836995332
2012-06-19,33571.8609976,41180.56599478811,1660.1060583019996,16.27006026164762
2012-06-20,33295.9369988,41294.30621130452,1611.5246521431372,17.169609310318467
2012-06-21,34888.8790013,41384.57427824043,2072.4672202142197,15.792315510590646
2012-06-22,35164.2810023,41427.62793090061,2298.566266499252,15.098287957485189
2012-06-23,35960.6269978,41570.41642060423,2861.750169433328,15.129378046898145
2012-06-24,37496.9369961,41568.375199124304,3604.746748390487,15.916888871954074
2012-06-25,34558.793503,41612.74380568121,1900.7244959381917,17.294150546399276
2012-06-26,34439.3040001,41637.34410063314,1846.5442013689124,18.69307480362684
2012-06-27,34598.4279998,41769.775093902,1905.5910586783682,20.12557348765554
2012-06-28,34140.4399991,41785.66484486746,1839.6908468770914,21.958390031158714
2012-06-29,34461.2879977,41824.25208755136,2043.9381777531971,17.335062414763645
2012-06-30,34422.3130026,41877.647268806555,2299.647043671759,17.376805950862703
2012-07-01,36503.1360036,41859.44041128784,3193.830572455089,15.333324323155436
2012-07-02,36543.839495,42408.85278121698,2652.634982419686,15.678184070555726
2012-07-03,35677.4569976,41999.22037718944,2360.645439349518,17.2955228852837
2012-07-04,34933.1714983,42147.39147123272,2019.2034812125269,19.214160057935377
2012-07-05,35184.9989986,43100.39857676483,1931.528942936963,19.018636320860168
2012-07-06,36424.8929974,43974.558446953706,2268.7731063147994,17.052118539231785
2012-07-07,37905.1849996,44472.20997770101,3008.4118569629863,16.150969536229514
2012-07-08,40659.1174993,44461.24604186681,4393.5375975596335,16.08341312854543
2012-07-09,38577.42499585,44906.005276228425,2802.2045498328134,16.550660259062298
2012-07-10,38272.0909988,45503.55299164037,2447.697216261197,15.673417585107364
2012-07-11,38094.9359981,45934.16189380359,2363.0681532370354,15.219041871596627
2012-07-12,38554.262998700004,46422.10661824595,2326.2466564465067,14.677426832317348
2012-07-13,38834.8479942,46747.865485365124,2537.649638923286,16.545931471792887
2012-07-14,40763.1565031,47002.87902203424,3746.8662643896905,14.751257688223106
2012-07-15,40900.5789961,47047.31121611597,3596.622230462919,15.666777158156522
2012-07-16,40639.5829993,47042.78783016358,3034.5642970626236,15.803954515552524
2012-07-17,38611.99750065,47038.48836109543,2281.914136037508,18.748911823751236
2012-07-18,39761.1639996,47019.6247303499,2758.151485871522,17.208271975196233
2012-07-19,38520.8479973,46996.43792835796,2274.8276700589186,17.125537599258955
2012-07-20,39117.6050027,47099.885805072576,2674.2660760782765,14.875123958155221
2012-07-21,38591.7320033,47085.88468019228,2658.813518055057,15.958818348284483
2012-07-22,39084.8929971,47083.35566590127,2913.261944731685,18.290975267242747
2012-07-23,37964.7490017,47078.53996743705,2216.335434449474,21.292147456880663
2012-07-24,37577.8560007,47066.32124912755,2117.0297810223315,22.64172885621897
2012-07-25,37954.0159977,47074.76139839654,2378.965106124044,22.83098815872646
2012-07-26,37568.1930026,47093.249676338826,2159.6313188420754,20.000308061796787
2012-07-27,39225.8920002,47100.89992209223,2869.233791461676,19.958619022490133
2012-07-28,38242.5799949,47094.535361690956,2643.942614754382,17.499917045938613
2012-07-29,40641.214996,47107.860228204685,3730.436519180697,14.833300425084907
2012-07-30,38361.5420037,47120.07032836524,2433.5754687183135,15.833643411713174
2012-07-31,39020.4709988,47158.55967698206,2599.148897059277,16.584602041131088
2012-08-01,38335.9069994,47147.41323398623,2406.841633852606,18.333278697437397
2012-08-02,37859.5599975,47184.73187385344,2298.4182358337434,17.999834201405417
2012-08-03,38094.4710004,47255.42571226221,2313.67502149938,17.679185832466654
2012-08-04,38858.8309997,47221.63341538693,2984.36581017412,17.416849506252152
2012-08-05,41196.7355022,47234.048493544244,4210.313442874788,17.332932973450493
2012-08-06,39362.9929937,47243.67928099521,2749.193162752302,17.583333333333332
2012-08-07,39093.3680021,47234.075894015325,2618.8090370180603,15.917169612571222
2012-08-08,38107.0290021,47266.59911885735,2235.7427759991574,19.458273550268665
2012-08-09,37970.9890016,47248.04666544492,2254.5363555619647,19.95827757863495
2012-08-10,37952.2369989,47240.58243190968,2357.7683643120104,20.708050782976663
2012-08-11,38213.1380007,47275.269804575706,2724.759414912934,18.583265348431887
2012-08-12,40029.9179997,47278.17076998792,3439.940780792265,20.45836873470288
2012-08-13,38405.7529995,47313.996196685206,2310.5500678541066,18.91657079970079
2012-08-14,37541.6285053,47270.59111272481,2077.1810975667545,20.582119080980245
2012-08-15,38535.7880004,47264.70740657662,2480.043835486762,19.49990873305503
2012-08-16,37886.8079966,47240.205255749774,2257.164868712024,19.083359765276672
2012-08-17,37034.2870015,47246.045082981946,2051.086092086762,22.37481373367171
2012-08-18,38866.9369996,47200.083461256494,3183.0754211261733,25.70858582103844
2012-08-19,39986.0189968,47203.017643490755,3917.2172369155433,24.62516633633527
2012-08-20,38716.4490027,47215.51352339979,2826.552346774488,21.333310652977808
2012-08-21,37801.797999200004,47278.56611318223,2230.952265264115,19.703790001790395
2012-08-22,37365.4204997,47250.3850585396,2120.334161970055,17.769977075864396
2012-08-23,37260.7189957,47327.12273167893,2022.400615470614,17.6666772214972
2012-08-24,37626.8889991,47288.9029252879,2292.2098186524963,17.208431742879082
2012-08-25,38712.7769987,47192.6223970622,3106.8727689606753,17.341651318138464
2012-08-26,38545.1350052,47289.07324699531,3008.605051837578,17.666681823810812
2012-08-27,39559.1899983,47299.89385853672,3046.468000057568,17.833039487765504
2012-08-28,38337.2119984,47286.19460332575,2275.509987192229,18.41651220714094
2012-08-29,39544.1670022,47256.59038613238,2731.5101788419474,16.2494542019353
2012-08-30,39639.9589956,47301.415121190854,2766.277381014608,14.832992766406637
2012-08-31,38560.8510019,47254.549400049684,2277.07968525092,13.791626327334383
2012-09-01,39560.025,47238.853635934785,2877.9106433378565,16.791577827957163
2012-09-02,42815.8749984,47280.50721459368,4399.002528808917,16.58335866179498
2012-09-03,39813.4989969,47290.17716035981,2499.0929383072207,19.666674235837707
2012-09-04,39720.3269994,47352.30153466795,2412.3564707799537,19.166663246759665
2012-09-05,38863.1540006,47332.7276178276,2136.4559059638873,15.583450129784012
2012-09-06,38447.1490005,47302.38395292948,1972.2806278671926,16.08291610196516
2012-09-07,38327.5460002,47343.30730447647,2053.952472652088,18.999884350139084
2012-09-08,39268.7369963,47321.43420572585,2760.759427150667,19.749934462974043
2012-09-09,40865.2660003,47315.7993451363,3393.4365716452726,19.125119035377537
2012-09-10,40562.3455004,47352.55555919827,2826.8999564968585,18.416679343909085
2012-09-11,39205.0769951,47373.85732633714,2172.1921841057506,15.958139693556666
2012-09-12,39538.9119966,47445.24184315298,2198.2884073911687,13.878005266112348
2012-09-13,39374.8709995,47610.83587276843,2139.60920172065,13.964578473141481
2012-09-14,39841.8079994,47759.880624814046,2528.659608571706,16.835436380990775
2012-09-15,40342.1779999,47782.55306281533,2854.747465771341,16.333309730805848
2012-09-16,43257.8140027,47784.43693478311,4248.316125028806,15.91681727731155
2012-09-17,41368.5860012,48217.38252778485,2840.2562590593543,16.503942742107185
2012-09-18,41728.6389997,48398.89975272057,2801.0279568875217,14.335207275749248
2012-09-19,41554.0160046,48555.761294180906,2637.027988976485,12.92091470037633
2012-09-20,42117.2450045,48764.845550935905,2863.1170925968895,13.963233357374689
2012-09-21,43091.5989997,48943.65405666014,3188.5584880286506,13.459392335218093
2012-09-22,43971.063998,48901.97115170637,3992.9317897208343,11.374979236500485
2012-09-23,51189.3209968,48931.18738903236,8229.055273068137,11.041489425927404
2012-09-24,47372.4369981,49457.14271405308,4920.632753374685,13.294067280785432
2012-09-25,45498.31750375,49667.784816678504,3691.522880887199,12.917947718173785
2012-09-26,46332.8290004,50021.62031279275,3912.783498207248,12.58650343368748
2012-09-27,46086.1690027,50244.93983293691,3712.7606669116526,13.088147292499803
2012-09-28,46360.5899989,50454.70168462332,3864.353198702762,13.047343569833766
2012-09-29,47008.4069996,50481.909283834124,4676.805176498106,12.458372646119871
2012-09-30,50735.7070004,50526.64470197779,6694.834256141952,12.959295126688309
2012-10-01,48201.9960016,50796.337830445926,4624.879265431082,14.583409258224695
2012-10-02,47627.2719956,51220.46326373581,3884.38527758396,14.088998875079728
2012-10-03,47786.3110044,51404.740479836015,3978.862302065356,12.833036192987604
2012-10-04,47671.3350071,51522.99280342428,3803.4505756687154,12.214100629612545
2012-10-05,48982.3840046,51730.83897012802,4594.010392881273,12.62379842782686
2012-10-06,49019.2610043,51718.56007746768,5119.6965101249425,10.749639705460732
2012-10-07,52239.6229992,51777.99828031545,6913.311491136998,10.416577653485378
2012-10-08,52227.4120066,52082.97406060829,6019.320802033034,11.50305285899915
2012-10-09,49974.9059962,52333.7127398656,4588.296858289169,11.336171970572732
2012-10-10,50044.1500054,52523.537920062554,4492.0792057074805,10.295461392964077
2012-10-11,52332.9929966,52966.00246138953,5632.861896615517,12.054674929639754
2012-10-12,50597.4359969,53325.25718055133,4614.699387385025,11.790467368147842
2012-10-13,53163.9570015,53333.70405682133,6575.114460077707,9.333330518363748
2012-10-14,56448.0539968,53339.65981885378,8573.64448910268,8.291684848456825
2012-10-15,53845.9870038,53572.5685886932,6259.888167542099,9.914873040618552
2012-10-16,52308.1130014,53755.28586325004,5080.865595297838,12.085205224829457
2012-10-17,51998.5259985,54041.80219760717,4762.923506174568,13.378799376699293
2012-10-18,51411.8289991,54419.376644995864,4393.226531090684,14.044096926983984
2012-10-19,55458.3640049,54809.20732826559,6930.49940354595,12.290563040115487
2012-10-20,54587.9460024,54848.571934776184,6894.725253085988,11.83351481698075
2012-10-21,58864.9549979,54849.93902988603,9769.439572911593,11.291633469853641
2012-10-22,55343.1080044,55271.02073691192,6477.791833467028,13.461547680791686
2012-10-23,54847.0649999,55551.0166982181,6042.685638232332,12.833658414512868
2012-10-24,53372.1919989,55694.565929658995,5106.177181503029,13.875768762116943
2012-10-25,55214.8059961,56079.40921717791,6099.190396991409,12.16329064643525
2012-10-26,58930.7979982,56536.19267428561,8430.590396584279,7.868200610534187
2012-10-27,62451.9230012,56530.409302233566,11533.266317545256,4.7084167161501105
2012-10-28,66611.3749986,56537.08767035697,14765.560508006434,6.125135460317538
2012-10-29,60714.0989932,56514.90142478762,9543.426135333832,9.916962637217221
2012-10-30,59656.1860012,56489.0470551775,8543.705104402332,8.37514155733855
2012-10-31,59724.2809981,56526.1180187257,8630.916358793034,9.79169430104437
2012-11-01,59579.3789956,56485.65200085349,8450.285009658253,7.91674989586514
2012-11-02,60894.7709989,56484.94527335651,9631.532028957898,7.375078349329183
2012-11-03,62917.5729944,56477.50910188503,11546.410988589276,6.99987658854542
2012-11-04,69539.3799995,56534.667921699314,16521.794165081672,5.874887583279344
2012-11-05,62861.4150038,56535.68440240748,10507.69140184964,6.499654452217198
2012-11-06,63725.5339988,56533.95748401943,11207.444816586887,6.499718546633372
2012-11-07,62056.5289949,56551.42225779742,9892.788322582996,8.500122722881752
2012-11-08,60458.200007,56371.97759435277,8809.081306904498,10.208661165967516
2012-11-09,60483.6829947,56530.04936380823,8856.835488274655,9.66680285429204
2012-11-10,63160.9980021,56596.04724303256,11250.055673195637,9.208347554739602
2012-11-11,66372.307992,56605.510041697824,13572.384519472636,6.666709393975951
2012-11-12,63022.7249977,56567.11161806884,10445.234715369896,9.213014356995505
2012-11-13,59149.3859986,56581.0123801583,7638.968570301475,12.583168061281116
2012-11-14,59097.1089814,56622.2415152389,7603.809374038818,10.24981451176279
2012-11-15,60518.2049861,56610.14243882661,8637.885689600806,6.5416761852355485
2012-11-16,62332.2709997,56614.66223578531,10222.356430259266,7.25844893202771
2012-11-17,63579.7389999,56652.744580058425,11444.804305064727,10.749759202522084
2012-11-18,66760.7804984,56649.89210269217,13871.948980699502,6.416673626669587
2012-11-19,64074.0559958,56657.54467995005,11264.397107455165,8.291334843013557
2012-11-20,61415.6019964,56613.84225771184,9188.66972870503,12.249816969209428
2012-11-21,62685.7810005,56651.24716669326,10137.277466223239,9.541539617882432
2012-11-22,60820.4100061,56626.906904226234,8860.91697284634,11.291444064964187
2012-11-23,60931.5890029,56611.2348038737,9172.118818777628,8.499916234042686
2012-11-24,66945.629006,56593.39262159347,14231.105654662106,6.891787583741699
2012-11-25,67269.7190062,56646.010121066225,14236.356680315082,10.208977100131731
2012-11-26,63627.5479994,56635.86888875745,10878.000947161305,8.633485166539378
2012-11-27,64613.6209965,56587.6037616494,11620.703615996003,7.541899522431944
2012-11-28,66215.4749964,56636.2061918412,13014.969425047406,5.708340465976999
2012-11-29,66681.4480036,56633.84109828809,13575.457486659108,3.5416024479670813
2012-11-30,68094.3919974,56602.7446268334,15125.32194826236,2.0000700178292687
2012-12-01,72578.6249982,56600.42113455509,19321.919941873963,2.1666899931979833
2012-12-02,75645.7175067,56601.93346931117,21941.27813976278,2.4166297457876067
2012-12-03,68472.303003,56594.531401971406,14990.85282553216,7.041327776443697
2012-12-04,67773.5219958,56566.17214538963,14664.438564645809,4.666647803807716
2012-12-05,70418.2929979,56595.02893356495,16959.008600051224,2.0420577316585358
2012-12-06,71862.1990078,56607.66469367577,18410.4804831902,1.541484992523721
2012-12-07,70936.3050021,56579.06534909623,17620.13006198922,4.854219777198033
2012-12-08,70694.6729954,56610.207502652884,17724.38553356638,4.429235392963788
2012-12-09,74045.1095035,56581.05885585276,20290.735103851275,6.708435527627679
2012-12-10,69228.9419879,56588.480015805406,15690.948736650238,3.9999147866451596
2012-12-11,65028.4109918,52014.05597335625,15769.411329340663,-0.09997395782768888
2012-12-12,73431.9330104,56493.12242130552,19804.90293597584,-1.2504402957124736
2012-12-13,73647.3840035,56465.72308669388,20122.09021675144,-0.041676107115655114
2012-12-14,72278.5950003,56494.32243127342,18804.89783884861,6.791508216071069
2012-12-15,68862.6380008,56483.668096973604,16031.685427491517,8.666631452415741
2012-12-16,70455.7329973,56527.85813321372,17217.036035505986,7.583339561220728
2012-12-17,65967.333998,56528.288612673714,13048.901167302216,7.458199456252455
2012-12-18,66201.3029989,56499.37481132,13422.080999536858,6.854207148766839
2012-12-19,68545.3289905,56482.15859301556,15559.684468206946,5.208320083009409
2012-12-20,68965.3589949,56452.34581399464,15921.022916966032,8.04147519502755
2012-12-21,64999.3700013,56422.978072149876,13170.577909687883,7.916852233142801
2012-12-22,68174.295,56353.13778434652,16403.219480416345,10.124556881625796
2012-12-23,65747.7589964,56395.77551188065,15082.320887838792,11.875082150826513
2012-12-24,66513.7469963,56336.14518098243,16732.013338077697,9.749610729060974
2012-12-25,68989.3449989,56432.35054351131,21287.916454720234,8.08344673476755
2012-12-26,64291.4340005,56386.41575679786,15909.853406501281,7.958444322717914
2012-12-27,65325.3329989,56357.81224572622,15121.067828874677,7.499990154718311
2012-12-28,64831.8630046,56399.452436107895,14157.617198575983,9.541616767278029
2012-12-29,64446.7129933,56408.069694790036,13914.613943519513,10.457997672682149
2012-12-30,65541.16099325,56400.074575208884,14951.469764285139,8.041332475958493
2012-12-31,65687.3839957,56368.449786158286,15112.026377729027,10.754164767430483
2013-01-01,65185.3220007,56367.04069367557,14522.88086894638,6.6250207038937665
2013-01-02,66226.6570003,56371.17540762051,14540.306112382646,7.041555608573892
2013-01-03,62818.4589957,56410.43117035548,11255.032291122963,10.574991094535623
2013-01-04,62967.4149994,56358.22502928949,11463.388554910116,9.708288012681978
2013-01-05,64614.7744974,56406.91213037135,12797.472975590095,9.124897207519197
2013-01-06,68313.6009953,56396.770898062576,15440.173722902928,7.7083696212558825
2013-01-07,64251.7194996,56393.565709435374,11676.53541923003,8.050000835477608
2013-01-08,61990.7700027,56381.85210186399,9922.568943879345,9.916646573484849
2013-01-09,62555.7429995,56375.88018099283,10198.181502886891,7.3332535155239205
2013-01-10,66589.0919977,56312.01821414568,13675.562041945612,2.245796341435117
2013-01-11,66792.7220021,56298.28010684595,14182.832713064105,2.791675462337169
2013-01-12,71973.6249973,56321.994243774505,18784.34899346783,3.2083839262744362
2013-01-13,75145.6589971,56353.111571115835,21367.963863064586,2.499873640459502
2013-01-14,72610.6304935,56306.1465749284,18923.87791203212,1.3749885201534573
2013-01-15,71290.52400395,56260.26443032684,17962.56235464961,1.4999716764123798
2013-01-16,72419.9439888,56256.655664419646,18966.2647419075,-1.6249582195134624
2013-01-17,73058.4729962,56245.912851705216,19674.17668629209,-0.7416819567298972
2013-01-18,77367.9180026,56232.776946735205,23611.52499818369,-0.8620385955778856
2013-01-19,80933.5395007,56243.008935370046,26912.56947207655,0.3582986018912941
2013-01-20,83991.980004,56218.33877154363,29685.508292549235,-0.712488643223901
2013-01-21,74994.4609913,56221.27039214933,21249.46657476992,-0.2916794106653959
2013-01-22,74413.0639999,56200.66256567559,20919.116842722404,0.20806518671985913
2013-01-23,73399.542494,56224.36563927792,19989.220268502715,2.000016157024637
2013-01-24,73456.6885027,56188.15552888687,20126.64173549771,1.3332350167804887
2013-01-25,73810.4999918,56171.222383559216,20566.071864543566,0.8333283127962563
2013-01-26,70532.672996,56210.28064898079,17822.75784990749,5.058568238320897
2013-01-27,70908.2159936,56201.99460044745,17738.741025870844,8.291671984462221
2013-01-28,67816.9679943,56189.21689364135,14931.742262319232,6.9916950364259405
2013-01-29,63778.0419992,56163.50685853189,11408.26288861752,11.957847136799739
2013-01-30,60903.6989907,56127.796294492175,9087.129089439792,10.28293656336491
2013-01-31,61924.0454986,56069.10369004648,10044.631314470413,8.874920538781186
2013-02-01,63582.7250031,56082.92806084108,11568.884852442017,6.241771365249034
2013-02-02,67907.1940028,56123.1204804124,15425.281758120016,4.0458462023297415
2013-02-03,72852.82299825,56128.28858600345,19548.265156201767,5.165547983739637
2013-02-04,63728.8470092,56125.83345443636,11446.92607059648,8.958214689446377
2013-02-05,65908.4300019,56112.19356295722,13438.257932559054,4.666647371993533
2013-02-06,67233.8759925,56107.57947977074,14464.33547103634,4.399985955423089
2013-02-07,67118.596998,56068.71149044687,14736.184435103458,3.1666894034046322
2013-02-08,66451.7744919,56079.50516082623,14336.655242106443,2.874937164753161
2013-02-09,70551.468,56097.55519851346,18033.476198029308,2.833270861955329
2013-02-10,74482.0730077,56109.086492128314,21172.696383626484,3.1260336343058888
2013-02-11,71601.4940031,56102.526981802264,18556.067942896156,0.958310329349845
2013-02-12,70978.8020082,56044.157116003196,18147.527871773753,1.5333399035723125
2013-02-13,69684.9089932,56018.90705925652,17046.955230642143,1.4166741714152156
2013-02-14,65562.6179965,55931.21041992454,13456.455733548706,7.499779843751979
2013-02-15,63316.9200083,55982.333161167284,11828.060301321562,6.499786631058195
2013-02-16,63335.1535005,56024.916435947394,12332.898617688283,7.166439224691149
2013-02-17,65797.5459979,55958.327646723315,14559.75500371108,3.7207621914243347
2013-02-18,63078.5669998,55879.816771844926,11926.446264102431,3.7498417285012047
2013-02-19,62260.418992,55912.97726978598,11346.742693634793,3.4153831389179374
2013-02-20,65470.8820097,55884.72341601787,13891.504306622537,2.87487074720053
2013-02-21,68743.2430034,55826.09754498542,17037.00547385823,1.5291691856647882
2013-02-22,70230.8489859,55849.74885254257,18481.143271743444,0.8749787852048508
2013-02-23,72326.5549975,55799.41550699711,20536.03921321604,0.7083643754385998
2013-02-24,76405.6539878,55841.67585924114,23671.62608979723,1.5000038989546902
2013-02-25,71265.1199955,55853.78545994161,18618.530812176235,3.0831708520397085
2013-02-26,68616.8670032,55817.90974676931,16458.79367037,3.7917124515718896
2013-02-27,65814.8419988,55745.71671284323,14022.397725533363,3.3750032416443236
2013-02-28,65273.1519903,55732.64612255403,13637.733284727277,3.7796061167357093
2013-03-01,65598.2479971,55734.708164968855,13954.52878663759,4.54161019542423
2013-03-02,66970.1340025,55703.2233428351,15423.690233248915,3.208402975739904
2013-03-03,69129.8329951,55692.183062468815,17004.74891875352,3.250426015740704
2013-03-04,62375.1109952,55667.5602025321,11164.515071501255,4.041449232095201
2013-03-05,58977.4320037,55694.596808509545,8532.464019618821,7.540980097911923
2013-03-06,57986.3929888,55671.51638400283,7692.92971402028,8.582890407046762
2013-03-07,59196.0710001,55581.17532872253,8509.916171606863,7.724964184345953
2013-03-08,59379.72949875,55592.389219770994,8694.109037917555,7.958117584118591
2013-03-09,62856.4739952,55606.55140382956,11918.031952420453,5.74992394095296
2013-03-10,69620.3389974,55615.6649267564,17621.17839031147,2.166767708246955
2013-03-11,71295.1479969,55583.359109582816,18998.38319271169,-0.45819959693797563
2013-03-12,69685.5249902,55565.04865719782,17726.7032286723,0.6668135200088837
2013-03-13,65741.1490008,55526.41026243703,14247.073185504998,2.7083016565381857
2013-03-14,63914.0269983,55543.34643088231,12679.622236957159,2.916574654860421
2013-03-15,62888.2199984,55524.343312579025,11850.181540169226,5.999399724321818
2013-03-16,66134.9839978,55520.31547352524,14821.617770688088,6.625003812383697
2013-03-17,68093.7080024,55473.98844202365,16068.632762410738,5.124880920981994
2013-03-18,64024.9090035,55473.5952533114,12451.050400370868,3.8998020071618633
2013-03-19,61775.2399954,55489.223185040595,10709.356148808096,4.7501859470267185
2013-03-20,63206.7299943,55477.548113394565,11941.662067028745,3.708365733239617
2013-03-21,62431.0130002,55496.016558033,11357.687309782641,3.666475530045635
2013-03-22,65498.9329955,55449.9545497858,14081.03249712547,3.6249676753914333
2013-03-23,74249.8454949,55456.50958157688,21937.07766990621,1.416574904070294
2013-03-24,76798.0600022,55456.50958157688,24149.030887062785,0.4999740819294046
2013-03-25,71077.1369978,55464.70753668293,18892.200387638564,1.2500231820571066
2013-03-26,69961.2889878,55405.75127395706,18128.28898502065,1.0417250911714824
2013-03-27,67598.5650017,55314.92845698107,16221.505470188615,1.124946165716811
2013-03-28,65177.614999,55284.550873731074,14509.357895725641,1.7500604306984726
2013-03-29,66113.1170047,55281.792732455106,15793.739194527843,1.999996268967279
2013-03-30,63755.6959971,55358.312747246906,14450.64744967883,2.2083450599464465
2013-03-31,64343.2460085,55329.73866736209,15500.546472738408,1.7082855203899068
2013-04-01,64743.4150026,55327.81012105425,15076.318469766064,2.5416956203661183
2013-04-02,60896.0209992,55335.70337118802,11452.403214871529,3.041881250147275
2013-04-03,64459.5089976,55342.77099728221,14173.3963797499,2.2082989523877723
2013-04-04,65970.7099954,55293.83129126811,15590.92779321476,1.8329905942494595
2013-04-05,63392.9790002,55301.055310407384,13727.631432947088,4.012499675798506
2013-04-06,59897.5799982,55281.99075494182,11095.5805343036,4.145834798517476
2013-04-07,60168.2779979,55265.40725312642,11071.761541572021,4.5416006453664215
2013-04-08,57199.6030043,55262.24233071109,8191.653437508306,5.333374778030793
2013-04-09,58803.428009,55221.16505024692,9106.072233536503,5.8334055719316495
2013-04-10,56072.1469983,55217.725250659736,7219.78334166853,6.624653213315557
2013-04-11,56984.4229948,55227.96160956412,7729.8810499032525,6.958128260049747
2013-04-12,55966.8470014,55120.23126277164,7222.324305024361,9.12476022188311
2013-04-13,56788.1589974,55094.159037866244,7963.004992121421,9.41656383863838
2013-04-14,54062.183991,55111.21374942089,6158.784605142989,15.167020252146173
2013-04-15,50233.3469969,55078.350497930114,3711.1371450310808,12.916548296596499
2013-04-16,49714.9299928,55049.364209580526,3373.4611238610787,12.582922399440315
2013-04-17,49481.9529974,55004.83561214447,3261.336552614714,13.414900337662717
2013-04-18,49887.5850001,54966.48145739737,3652.664686813692,10.624896979540583
2013-04-19,50920.9770008,54949.6639196967,4143.861245540829,8.82494422659159
2013-04-20,51096.8369983,55013.11847924085,4802.0850660654305,6.790630852884063
2013-04-21,53754.8170038,55001.65813622688,6082.089056762988,8.624682894961616
2013-04-22,50659.0499946,54983.22399643273,3720.204858705553,10.62450087356974
2013-04-23,47384.7210008,55015.75888326669,2550.493526695889,14.708411542381715
2013-04-24,45794.9070001,54983.707898531175,2186.878431279648,15.082924063359501
2013-04-25,44633.0005005,55008.32619373569,1832.8310521049991,16.124504843480494
2013-04-26,47323.675998,54970.27680440897,2866.9662844453574,9.499884816643503
2013-04-27,51335.0580009,54954.3709719334,4982.964835873181,6.791671633536883
2013-04-28,53788.434008,54972.287306963786,6325.356744285518,7.87492161426502
2013-04-29,48735.3759992,54933.39146471555,3088.65394934682,10.62091218168722
2013-04-30,47577.5915032,54940.0225348395,2623.6756999586846,9.166895819167088
2013-05-01,47306.8520008,54930.65688937572,2614.303847234271,9.16675639211143
2013-05-02,46024.3639971,54876.38454061667,2188.276322640146,10.469445969408078
2013-05-03,45108.0900031,54857.73211631206,2134.4369226638023,13.123700912976634
2013-05-04,47651.8269907,54802.50367218072,3563.1036998704058,12.478839025111666
2013-05-05,47243.670001,54841.885274733926,3632.7589939365616,13.792314085685728
2013-05-06,46394.5269974,54833.95747580015,2880.3987449741767,16.166644198450907
2013-05-07,44613.124997,54863.87418996651,1911.9094972364494,14.374769757693231
2013-05-08,45702.3239981,54861.02171260025,2312.0756998251745,13.5420860821772
2013-05-09,46741.8510008,54815.81415722451,2483.6167281120747,11.04128556184852
2013-05-10,46224.189997,54831.6428719109,2557.4714184700715,12.958344565621006
2013-05-11,49843.4970037,54834.67771184683,4487.6143820955685,10.075013485242444
2013-05-12,52595.8530011,54816.996141425625,5824.265792234495,10.583071449649164
2013-05-13,47300.2509987,54752.83616841035,2862.6332237471165,11.749834655063491
2013-05-14,49910.9840025,54837.39937812193,3888.9622346625565,9.166621197496356
2013-05-15,49696.7400027,54709.45496577885,4097.657149600804,9.25023553570209
2013-05-16,47417.9689982,54700.44491507991,2932.8573016126898,10.099154639445723
2013-05-17,49508.3719931,54675.43763276249,3807.504623846233,9.750056607821016
2013-05-18,49101.505999,54685.34126222825,4222.285410671281,11.916792214925556
2013-05-19,49403.6880019,54713.095357053215,4231.796644108638,13.08333666734974
2013-05-20,48350.9339991,54695.79560343864,3233.888459846367,13.958357907017152
2013-05-21,47013.5980046,54702.734682343544,2715.610555164309,12.416761711239753
2013-05-22,47323.735994,54630.962312117714,2843.763209735178,11.16674929017532
2013-05-23,47689.2129984,54643.57712109394,3199.3458660227748,8.16662658147873
2013-05-24,52179.1179946,54649.94652092888,5494.252412547014,7.208371677177382
2013-05-25,47751.4749953,54617.75327857996,3925.135897501951,10.12556679884556
2013-05-26,45943.9279935,54652.76441803407,3417.3175164779336,13.416166558767806
2013-05-27,45807.5609961,54632.72596183447,2995.942393421018,13.124723540168532
2013-05-28,48214.7830042,54563.954425897704,3704.511290390194,11.254022749259148
2013-05-29,48838.2339972,54603.38187688465,3840.105191169777,10.916571704027575
2013-05-30,48454.4469996,54617.50803112526,3721.369246303845,12.12498283740269
2013-05-31,45190.419998,54587.85256737228,2556.436263389792,15.30394559906531
2013-06-01,45394.6460006,54620.035602941294,2794.5910674896963,13.708307407416777
2013-06-02,46718.1890028,54576.076022125046,3352.1390510582423,13.499615660636138
2013-06-03,43422.603997,54573.672607800785,1712.665823659826,12.500009938619089
2013-06-04,42925.6220022,54542.78953310868,1591.753571389706,13.58324037250613
2013-06-05,42902.3190003,54561.4674824386,1726.891717438327,13.08340344343025
2013-06-06,42635.0219951,54554.62186251673,1582.8176605278582,14.378845968844963
2013-06-07,43156.0769933,54558.996005094086,1777.6974869797361,14.249983201080019
2013-06-08,44253.4684978,54480.82037163448,2583.3726590656433,12.541195807611851
2013-06-09,48826.0980019,54538.6642963745,4335.218632671413,12.000050736135533
2013-06-10,45810.2599989,54482.30158202007,2442.062626133634,11.875046612376476
2013-06-11,45201.6430007,54462.65562374986,2189.4238541835402,13.916163718402478
2013-06-12,46276.3629969,54409.69070749144,2671.270036496409,15.833363928824289
2013-06-13,45656.3980012,54498.419454245864,2464.5494379884985,14.750012272711047
2013-06-14,43850.932001,54463.74422020773,2014.3717974440444,14.442092502795775
2013-06-15,46193.1710017,54465.778700493305,3244.905393158577,14.16666533729486
2013-06-16,47076.2750017,54460.12625505141,3716.7848103971373,14.458243188436688
2013-06-17,43868.2629978,54379.88282339011,1987.3370721767399,16.083562005297775
2013-06-18,43807.1969959,54419.53584260211,1887.0217575585714,17.29115618914011
2013-06-19,42890.4990027,54452.894365882355,1668.0784561410392,20.08279514199692
2013-06-20,43784.4839996,54359.03900017905,2092.784820487017,17.458323159769435
2013-06-21,43162.0989979,54377.35143301536,2001.5842681388604,17.208367475707412
2013-06-22,44918.73699755,54422.02610104145,2854.1005135484274,14.64136277393614
2013-06-23,47997.8030014,54337.80502327035,4144.3208268616545,15.029196591099687
2013-06-24,45633.3660001,54386.22565691426,2519.788766305108,13.79171274799072
2013-06-25,42819.407997,54385.32528977781,1651.093064571437,15.45832102279911
2013-06-26,42885.428001,54407.698000643235,1706.877938150868,16.583485019491157
2013-06-27,43258.2500004,54429.3765969387,1826.8467541074979,15.457817426294342
2013-06-28,44284.4794985,54369.760284659926,2336.7304593519048,16.332651451988525
2013-06-29,43263.1590049,54338.93538847775,2333.269768655119,17.29234576114861
2013-06-30,45112.111003,54428.53081093328,3031.8621428490587,20.792146825270738
2013-07-01,43257.3769991,54379.71714350547,1966.7081006389255,17.458381754767945
2013-07-02,43999.9399958,54431.97650801917,2057.1375564842037,15.458433864181139
2013-07-03,43747.2879995,54372.222228602346,2130.5758404311987,17.166530272662303
2013-07-04,42689.9829989,54206.23475979449,1774.0004904882128,18.541698256593214
2013-07-05,42460.1769995,54264.21055455417,1939.936510323642,19.456261106658616
2013-07-06,42553.6600018,54239.939946419785,2380.34843744199,19.79161109923041
2013-07-07,44274.2699952,54198.26276691998,3016.4307759772028,21.333373424902476
2013-07-08,42358.5469996,54195.844149965356,1863.7782498945778,19.99917314917729
2013-07-09,41789.6079963,54197.208006709036,1630.3764881854872,18.41581045600204
2013-07-10,41674.41850135,54186.70405273998,1779.7803649538037,17.707397226918758
2013-07-11,41300.5100001,54194.97927247213,1547.4599615583866,15.291593704282713
2013-07-12,41554.7910025,54177.85323707371,1723.0331120201317,17.166568015266197
2013-07-13,42218.8750025,54190.6305666532,2345.304257255577,21.955925825337303
2013-07-14,44197.2929991,54160.56571823274,3319.5872508723883,23.375413647338753
2013-07-15,42818.1529986,54128.839682275684,2275.6950084498353,23.708550993262925
2013-07-16,42598.6015013,54223.86994366291,2221.362323092961,23.83114136658941
2013-07-17,42861.5850017,54114.00503651552,2393.529053288706,24.041480608760168
2013-07-18,42451.1180023,54194.40379225839,2278.5561273915946,21.582908588761367
2013-07-19,41845.7120006,54128.54409061653,2205.7009839982375,21.207789345262423
2013-07-20,42523.4429966,54150.59239800281,2593.2903897778306,18.85444314608054
2013-07-21,43455.5619984,54139.12203501104,2834.7358991252927,19.7915335129615
2013-07-22,43438.2929946,54115.76936595708,2660.9329809775727,24.458175411058203
2013-07-23,43570.9774981,54091.97459926041,2617.5467433557033,23.12101575399029
2013-07-24,41766.4139997,54066.27790721901,1911.4290105440418,21.249560020172623
2013-07-25,43024.6844958,54041.771363562286,2369.0936671483123,21.166700531375074
2013-07-26,41288.7260029,54046.310331060056,1847.872080679001,22.137610810321263
2013-07-27,42766.7895028,54045.497617553425,2581.013207501085,21.54100535771876
2013-07-28,43325.1530032,54033.480201813625,2899.497171768136,20.2490335281661
2013-07-29,41862.2040016,54017.70926673758,1922.1772025013668,19.875075616340453
2013-07-30,42347.9589968,53983.62889747668,2099.041862096218,18.450025329391718
2013-07-31,42153.7990027,53983.45643465995,2180.3236550618226,20.45788186530442
2013-08-01,41913.1764984,53955.09439244242,2328.0513588608405,25.874948493735438
2013-08-02,42194.8080021,53935.956558517755,2324.8927385744205,21.45800481419373
2013-08-03,40944.834997,53898.39438075937,2103.4782515250977,19.416650702737165
2013-08-04,42635.6530015,53869.387567037185,2773.161541846585,19.583333333333332
2013-08-05,42293.7989933,53870.37650830501,2231.9172590035528,19.708485171420783
2013-08-06,40774.3814994,53839.81522909701,1765.12069221829,18.445566097231428
2013-08-07,40298.0759985,53845.85111322397,1704.589687526228,18.666600506046276
2013-08-08,40478.1970018,53840.09515603219,1777.945978930804,18.958086145101266
2013-08-09,40650.6970017,53765.50101028343,1882.3730704318468,19.812095941944076
2013-08-10,40697.4770017,53841.021818645284,2167.97205333318,18.408470737701155
2013-08-11,42316.1040015,53840.429209714144,2730.4455394848974,19.362335664222798
2013-08-12,41053.4330025,53864.34577940847,1796.1422324655048,17.99995691512279
2013-08-13,40815.8180036,53835.723836594596,1718.4783446002043,16.958190934799504
2013-08-14,40717.6864976,53857.68270358485,1624.4466596349098,18.041381993763718
2013-08-15,41192.3729975,53852.67584589966,1835.3108122172487,20.665946024974065
2013-08-16,41486.9879983,53728.83303287932,2029.1160642220002,19.208346115479046
2013-08-17,42192.8149995,53670.64221093253,2518.6080877528507,17.546684093789608
2013-08-18,43119.2340036,53621.251754860394,2935.287135846009,19.22946710382558
2013-08-19,41087.8039989,53577.09057126864,1777.3774935824708,18.66659946733947
2013-08-20,40339.6729972,53620.18146602613,1614.3963635628347,19.57895140484706
2013-08-21,40433.1809978,53592.03526358936,1687.1333256698674,20.582795175230217
2013-08-22,42357.7670018,53496.301562960405,2404.1451436960415,18.708689460170937
2013-08-23,41091.4109951,53459.06174217395,1993.8556958400775,20.58331651282073
2013-08-24,43405.3219944,53463.77387092293,3329.8936422305055,17.958350732020367
2013-08-25,43338.8560043,53439.539072996595,3376.183066289262,18.166559697077965
2013-08-26,41981.6189982,53457.97052004611,2531.583428541029,19.91673475239131
2013-08-27,41420.7949985,53516.63689958357,1866.3290019555375,17.958155931322228
2013-08-28,41032.5070013,53540.7408288266,1758.0568118445847,18.167187050134718
2013-08-29,40700.7709977,53495.951598402426,1694.0843849050311,20.00032996626754
2013-08-30,41289.8999996,53436.06746236331,1997.4752523368084,20.62547525477209
2013-08-31,41574.5234993,53468.09451409651,2227.7196194555063,17.491411713771093
2013-09-01,44147.4909937,53420.74339537953,3143.047736191973,16.716611010258124
2013-09-02,42152.5709989,53486.547736087625,1896.9085527634008,19.458498837374737
2013-09-03,42116.1209985,53445.81792090896,1816.7724520930694,20.833319796019758
2013-09-04,42164.8559969,53451.835234005914,1868.9143785716785,20.291276301804675
2013-09-05,42375.365998,53399.6839951002,1923.3027273035957,22.20672851098796
2013-09-06,43523.07500025,53396.99097407107,2609.2231228314313,16.499790485519558
2013-09-07,43601.4249952,53446.41775138628,2822.2588509158854,15.249904720772792
2013-09-08,46322.0309986,53432.67210757642,3863.230433868785,13.874976612918742
2013-09-09,46090.9159991,53417.653143254596,3301.191373417496,12.649979992823623
2013-09-10,45725.0629987,53371.11501289826,3031.5888979249457,13.583147053045852
2013-09-11,46332.8909966,53240.55340086891,3412.762467248541,14.53750271558902
2013-09-12,44867.0569992,53246.817699314015,2711.7802265433857,15.679461003446528
2013-09-13,46278.6879968,53257.202313609596,3530.7823129675317,16.600131287615998
2013-09-14,48698.0485,53268.59101362047,4973.489637474875,12.033624234541831
2013-09-15,51701.665998,53218.00281557083,6565.172279691798,13.208323243771943
2013-09-16,46837.3424993,53158.758110639465,3478.979687967181,12.083163984337357
2013-09-17,48399.9720016,53216.34137603558,3936.368482681574,11.91662733922963
2013-09-18,46440.3580014,53177.91880325273,3148.85571420502,13.541668364664796
2013-09-19,47639.3769945,53196.970583055656,3635.8049858819977,13.541550919516132
2013-09-20,45982.7399972,53047.63107787919,3085.43145991174,14.916775481434982
2013-09-21,47242.2339995,53093.824830714344,4108.520904063459,15.791529762674122
2013-09-22,49594.6019988,53090.42882200279,5427.810683094648,17.583299359043018
2013-09-23,46008.9299942,53129.54509124406,3014.7164531222847,16.58243377868022
2013-09-24,44455.043002,53096.00923238769,2322.8484783217727,15.416552227692847
2013-09-25,45362.4369981,53145.80439231625,2709.5269830347543,17.541511010784436
2013-09-26,44345.4964963,53061.096937799106,2390.1155411131444,15.62503223455017
2013-09-27,44519.3809992,53050.53065931458,2554.2079973221835,13.958215829769305
2013-09-28,46961.5125018,53071.33248661912,3945.317485116824,15.579196222479236
2013-09-29,49190.76600205,53098.739521493,5121.42571059567,15.358312526467659
2013-09-30,46152.7339925,53018.14587574806,2896.0342139778677,15.666500907931022
2013-10-01,46483.5679944,53000.89964781977,2971.911865773491,14.89461393884767
2013-10-02,46527.3069969,53018.36978322579,3149.012979253444,15.924959042585986
2013-10-03,46269.772998,53047.07758368353,2989.9826805713865,16.31665717187531
2013-10-04,45370.7870013,52996.37337449981,2983.936771456961,18.210183404492234
2013-10-05,47700.8639927,52983.64748502725,4423.973504324106,15.487499882233193
2013-10-06,48738.65349315,52958.70363264878,4813.844247827366,13.424719350961537
2013-10-07,46571.7084932,52993.82069246819,2999.8929439003346,15.54194722851617
2013-10-08,45627.7204986,52957.703090388764,2677.0093375169054,17.374561693204154
2013-10-09,46544.1800048,52996.43249380988,3155.5552902431173,14.541499365608477
2013-10-10,48438.8989943,53036.44422530141,3845.196116737912,10.250014936782863
2013-10-11,51489.0530016,52997.44844840283,5619.327165731193,11.875073178332443
2013-10-12,50021.6909964,52968.53803803631,5225.876255990282,11.912593108856509
2013-10-13,57041.7879925,52982.97545090211,9620.126650718134,10.9583167072867
2013-10-14,52188.6139988,52905.670748741206,5841.661747094877,10.458248812914192
2013-10-15,50176.6949999,52897.057196466,4593.292806723109,11.079124530413097
2013-10-16,51843.7400014,52846.050290885825,5759.896087567587,11.791190001694742
2013-10-17,49171.3270016,52815.98302960393,4346.153643612555,15.12500815790403
2013-10-18,48684.4390005,52833.51999769965,4202.169346136303,14.041651660774225
2013-10-19,50008.6379994,52832.2275846385,5360.438624561032,15.458390760688072
2013-10-20,52750.2010044,52821.593871180856,7044.979151218604,15.124910476534215
2013-10-21,49194.9569994,52826.38154377414,4398.502602270506,16.6666549460707
2013-10-22,48386.3949982,52848.16790080102,4184.867314597729,17.50007599038726
2013-10-23,47674.7810004,52836.21030284244,3623.777412437699,15.249870640981205
2013-10-24,47793.8279945,52837.94570513532,3748.2607752038525,12.91652739680151
2013-10-25,47726.7439976,52842.404207123785,3897.548991503842,16.250378208321813
2013-10-26,50850.3360008,52827.890286472095,5906.6073029674435,16.125000512738474
2013-10-27,52893.4419977,52856.61675904147,7268.052101282424,14.666651319682927
2013-10-28,51369.0920043,52852.62907007492,5639.044418891104,13.541143374513611
2013-10-29,51530.5394963,52846.556918919225,5818.007263510767,10.212514534301087
2013-10-30,51553.1709993,52813.01315231036,5747.787395248038,10.874982809407907
2013-10-31,51769.604998,52738.98541483834,6026.232510343426,13.041683525617978
2013-11-01,51021.1799978,52813.33615911045,5491.7779909466435,13.291506578809653
2013-11-02,51859.8340033,52836.36317784965,6268.404462707601,12.500041490622118
2013-11-03,57270.517994,52834.510196843396,9824.924672632018,9.933462541055842
2013-11-04,53598.0610057,52733.64102740384,6670.5764590942235,8.374982818926854
2013-11-05,55587.9259993,52735.074086813736,8124.674362355647,9.749675547498379
2013-11-06,54348.5019996,52751.430620879204,7170.65560202881,12.62428134346826
2013-11-07,52511.7049949,52714.70432084881,5934.114351962097,11.416581020289854
2013-11-08,54640.3969956,52719.64877565131,7509.475865837374,8.316436541980803
2013-11-09,58677.824999,52776.42871656859,10895.00044460657,6.8333337825116605
2013-11-10,59880.0210039,52748.61254383967,11738.37365553447,7.415983460664312
2013-11-11,57058.7679997,52729.47532927193,9122.724182967115,9.987287595816499
2013-11-12,53978.8560027,52727.08313812966,6898.0077752759535,11.079448805174026
2013-11-13,55325.0219892,52762.05732881689,7964.30884547052,7.499486078387342
2013-11-14,55234.0640082,52729.406814125825,7883.176027061346,8.95823560856013
2013-11-15,55979.1989921,52737.22999361331,8745.282584911276,6.91630607906649
2013-11-16,58555.3209946,52660.84615446792,10957.747944064062,6.666638536849179
2013-11-17,61445.7669975,52707.864361387874,12786.742294578497,9.166707361855591
2013-11-18,57262.4589972,52664.8362286227,9075.596585187606,9.083325552521163
2013-11-19,57419.3189951,52547.60301629689,9396.25875509558,4.8749393330134305
2013-11-20,61170.793,52538.25672114999,12590.135438459767,4.233298142104141
2013-11-21,60091.0730053,52498.93475302211,11757.63906394371,5.708442821451305
2013-11-22,59419.8660027,52453.42386929345,11460.707105350191,5.833308245226261
2013-11-23,60717.6770011,52249.08302178873,12693.594877695221,5.958328350067326
2013-11-24,63747.6330049,52180.45515886422,15051.63480892563,7.125131919431677
2013-11-25,59423.9589995,52195.699486141486,11257.816693914774,6.08320602033083
2013-11-26,59988.71,52096.33947164539,11766.470779725645,6.191692897239329
2013-11-27,57960.3359981,52086.42948695627,10134.435777019264,8.666540430463193
2013-11-28,56705.0420038,52117.019393166185,8976.90722097588,9.429236582383888
2013-11-29,56492.8699933,52100.254221727875,8943.448388504617,9.250154034286812
2013-11-30,59150.1309988,52046.605660967485,11501.335484064852,7.333389217853505
2013-12-01,62772.4404975,52100.25220126078,14141.807991364212,6.874819873914236
2013-12-02,57635.4399962,52075.5811049451,9515.956987330968,8.33342599771272
2013-12-03,58528.9909915,52038.48633319841,10450.879531319433,6.873932293608094
2013-12-04,58180.85449465,52025.331775288774,10136.598699164068,7.0833350518884926
2013-12-05,60417.1650006,52040.494983415665,12112.58977535202,6.74840385406704
2013-12-06,59357.8764957,52004.08936299888,11485.917750153108,6.783304384164685
2013-12-07,61062.4784961,52010.206847271074,13112.785991466146,8.224806644639957
2013-12-08,61752.4520099,51961.75293595074,13434.722196766028,9.166736475711328
2013-12-09,57409.8494963,51970.57102346269,9563.521984493216,8.875239010100065
2013-12-10,58178.9150043,51909.62971541029,10249.012783476106,6.208318739137202
2013-12-11,59840.2960013,51887.701132972754,11738.48170704102,3.087071044451435
2013-12-12,59448.1869971,51867.1894971678,11383.738927317729,6.499201655969456
2013-12-13,58242.4339972,51920.108465714606,10425.594433054799,10.791678525131363
2013-12-14,59999.5649929,51923.34203298764,12058.244687071317,9.166623337996107
2013-12-15,62531.9639992,51882.34046513355,14294.642416103348,11.7915463708958
2013-12-16,57068.0480004,51877.51419833523,9463.217496430358,12.000036558737301
2013-12-17,58121.0640006,51886.2249842522,10325.069588081775,6.354140646307798
2013-12-18,57768.7430054,51902.5256924344,10168.633931725682,9.16659588627903
2013-12-19,58514.8395033,51908.88857223562,10796.76689432881,7.716316641379832
2013-12-20,58718.7614939,51884.363384430995,11401.109812402377,7.708490895083447
2013-12-21,61954.4970031,51880.853790328314,14300.107852745112,11.345779495962198
2013-12-22,60931.3220004,51853.43809712497,13691.740946704245,9.08315425428643
2013-12-23,61575.512499,51847.015181040544,14433.877020543547,9.958302635458853
2013-12-24,61192.1729986,51801.144191426785,15050.27580610616,9.41599637687996
2013-12-25,63999.7459931,51759.71240311818,20198.269440685974,5.62502712786825
2013-12-26,59445.0450032,51797.528013438874,14964.453459888191,5.08351628951264
2013-12-27,60744.5289928,51772.42644693597,14755.633187560616,9.916783008334104
2013-12-28,58086.7710004,51808.82413080674,12400.379969806225,6.875119896894929
2013-12-29,61074.3114964,51830.54318436399,14674.316405299784,5.208175217511231
2013-12-30,60296.891998600004,51658.98321526119,13537.331042797425,9.58312559526901
2013-12-31,60846.678004,51700.79489989891,14268.358479299315,8.666634551994482
2014-01-01,62625.0820028,51697.99022658022,15838.317325108845,9.683220913463648
2014-01-02,57224.8089986,51792.248360908394,10464.317057778444,9.666600663601557
2014-01-03,58647.5600006,51640.98798812026,11628.624840417448,9.666644983558282
2014-01-04,61193.448994,51710.96747094265,13598.267945777703,8.708160823966594
2014-01-05,64230.5589996,51735.5819884311,15988.358175019694,6.999838532512158
2014-01-06,58160.6649991,51737.49650313754,10386.833691197859,12.124784300871479
2014-01-07,57479.5959902,51769.87233589585,9930.730440894751,11.04583395612746
2014-01-08,56105.38249875,51517.88897208424,8867.37807964068,10.083257793717141
2014-01-09,56545.6230039,51557.925352195314,9207.70125668586,9.499091910779455
2014-01-10,57186.6629973,51482.43846453495,10070.610192798416,7.708292183335128
2014-01-11,58702.1855089,51577.869490211095,11298.895078235993,7.33331873631166
2014-01-12,64698.8149971,51446.41050864769,16360.824254405417,4.791108382800647
2014-01-13,57707.1949968,51481.93452708972,10294.093423258537,8.166630185314087
2014-01-14,57600.7939892,51533.23029252886,10264.607317468097,5.949768140608915
2014-01-15,56806.820999,51425.414633085544,9508.734449720192,10.116736906512502
2014-01-16,55628.8660109,51395.19288978651,8572.652287162966,9.750059039500373
2014-01-17,56610.9089994,51402.448081535855,9611.95707673587,8.041689988131061
2014-01-18,58633.8099955,51445.187199978485,11451.000142447376,8.916646661219927
2014-01-19,53736.2540016,45780.09657620174,11288.282234986928,7.750036083846135
2014-01-20,57989.5489953,51380.8582655322,10621.93397826463,4.808315297228228
2014-01-21,57653.0480027,51409.396760437245,10428.824673340398,4.500032313265324
2014-01-22,56384.7540024,51365.93767277342,9304.294604900868,8.20833438849345
2014-01-23,57399.6620039,51391.187465840325,10236.413123942279,6.6661839165715735
2014-01-24,57845.035501,51373.52209510941,10896.58163394677,6.208202505898666
2014-01-25,58927.0300026,51412.36550357381,11776.186788572237,8.845966495923177
2014-01-26,64458.5559981,51400.47771358475,16371.914900708738,6.707942970607672
2014-01-27,60703.5730034,51382.22532044228,12718.724697409098,5.583178671154724
2014-01-28,57427.0960073,51389.78535758988,10326.306385651706,6.895859128947215
2014-01-29,59808.8489998,51355.17266139476,12223.17166375997,5.208373743265545
2014-01-30,59158.4980005,51352.811450041045,11862.761887129986,5.179155840846977
2014-01-31,60076.7859964,51354.39839672068,12690.141862959723,5.916419084937414
2014-02-01,59262.7229961,51227.11789350813,12253.410963887167,7.999953269414651
2014-02-02,60868.2749969,51187.357671979364,13523.640375988445,8.125001581511082
2014-02-03,56978.8009987,51233.46179887087,9998.794675710567,6.495900639597915
2014-02-04,56040.3869908,51197.10095917571,9400.844999455383,7.429355300152471
2014-02-05,57529.3870009,51190.2724332462,10406.7477840673,8.541445756220874
2014-02-06,57727.475503,51017.488854681054,10781.726277097576,8.541710930352567
2014-02-07,55331.999504,51028.63076442741,8984.820934276382,8.375222517661319
2014-02-08,58369.3709985,51096.46944971032,11588.339803226656,8.316678926431806
2014-02-09,61315.5950139,51053.6602398927,14064.989354317773,7.625081450939171
2014-02-10,56730.2109989,51045.07730850578,9882.503106181739,6.2082935556944525
2014-02-11,57676.5759968,51007.77659755553,10942.097054213527,6.3334041662312135
2014-02-12,58767.0844927,50931.42392313215,11974.651237798083,6.874971633576164
2014-02-13,56778.3994997,50931.25834724425,10447.014886213796,6.4166691188301135
2014-02-14,59443.4695041,50782.50167551417,12678.05264525064,7.916432361193388
2014-02-15,57657.7899988,50843.050616386,11550.50130781428,9.02967442368977
2014-02-16,58057.1529959,50833.88576534365,12058.954229973468,6.791631805904922
2014-02-17,55029.5879957,50732.46277257885,9277.624861091057,8.499851432452557
2014-02-18,53999.0659915,50740.22288703821,8525.003689681313,9.125129693786718
2014-02-19,53467.2739991,50695.61640785513,8141.951483740946,8.416639214345599
2014-02-20,52947.9429965,50668.19587279217,7713.503681892468,10.745782150899672
2014-02-21,52663.7209974,50690.782559473715,7654.470260181347,7.5830925067941495
2014-02-22,53958.1960031,50621.70254585116,8818.811550160926,8.583413408829381
2014-02-23,57272.9879933,50575.546702131694,11110.007215291067,10.866865430494665
2014-02-24,51963.2050025,50571.012153910015,6662.775823738023,11.291550293224486
2014-02-25,51436.8370016,50544.14731497218,6499.853259809934,9.750056246565844
2014-02-26,50949.1959954,50517.372130005715,6235.337927826477,8.374717167679973
2014-02-27,52742.2489977,50547.89567197147,7248.681272519674,8.375131402643236
